epoch,step,train/loss,train/loss_affinity,train/loss_pose,train/loss_selectivity,train/loss_total,train/sigma_aff,train/sigma_pose,train/sigma_sel,val/loss,val/pearson,val/pose_auc,val/rmse,val_rmse
0,0,41.95588684082031,40.57516098022461,0.6872040033340454,0.6935244202613831,41.95588684082031,1.0,1.0,1.0,,,,,
0,1,37.94525909423828,36.57056427001953,0.6887381076812744,0.6968958377838135,37.94525909423828,1.0001499652862549,1.0001499652862549,1.0001499652862549,,,,,
0,2,50.79487991333008,49.36475372314453,0.7498734593391418,0.7097750306129456,50.79487991333008,1.0002994537353516,1.0003000497817993,1.0003000497817993,,,,,
0,3,26.066831588745117,24.687257766723633,0.6838583946228027,0.7177990078926086,26.066831588745117,1.0004494190216064,1.0004502534866333,1.0004504919052124,,,,,
0,4,38.06241226196289,36.687889099121094,0.7004674673080444,0.7174723148345947,38.06241226196289,1.0005935430526733,1.0005993843078613,1.0006011724472046,,,,,
0,5,42.76991271972656,41.383541107177734,0.7312892079353333,0.7160786390304565,42.76991271972656,1.0007386207580566,1.000748634338379,1.0007520914077759,,,,,
0,6,30.101226806640625,28.737817764282227,0.6981608867645264,0.7159259915351868,30.101226806640625,1.0008853673934937,1.000898838043213,1.0009031295776367,,,,,
0,7,16.796390533447266,15.5458402633667,0.5860646963119507,0.6960216164588928,16.796390533447266,1.0010299682617188,1.0010485649108887,1.001054286956787,,,,,
0,8,32.886817932128906,31.558313369750977,0.7249074578285217,0.6769271492958069,32.886817932128906,1.0011671781539917,1.0011905431747437,1.0012046098709106,,,,,
0,9,42.07579040527344,40.811058044433594,0.7046844363212585,0.6660748720169067,42.07579040527344,1.0013054609298706,1.0013349056243896,1.0013536214828491,,,,,
0,10,20.59412384033203,19.319766998291016,0.6638247966766357,0.6658467054367065,20.59412384033203,1.0014468431472778,1.0014803409576416,1.0015008449554443,,,,,
0,11,24.59044075012207,23.297969818115234,0.7165015339851379,0.6491953134536743,24.59044075012207,1.0015838146209717,1.0016247034072876,1.001646876335144,,,,,
0,12,33.10211944580078,31.731273651123047,0.839767575263977,0.6398539543151855,33.10211944580078,1.0017188787460327,1.0017706155776978,1.0017907619476318,,,,,
0,13,20.87741470336914,19.641616821289062,0.6572926640510559,0.6505059003829956,20.87741470336914,1.0018553733825684,1.0019207000732422,1.0019325017929077,,,,,
0,14,42.81944274902344,41.53630828857422,0.8203561902046204,0.6273286938667297,42.81944274902344,1.0019885301589966,1.002068042755127,1.002073049545288,,,,,
0,14,,,,,,,,,29.308185577392578,-0.1497904658317566,0.5357142686843872,5.3118486404418945,5.3118486404418945
1,15,24.289081573486328,23.040895462036133,0.7227011919021606,0.6225447654724121,24.289081573486328,1.0021262168884277,1.0022190809249878,1.0022112131118774,,,,,
1,16,26.83928680419922,25.567991256713867,0.768629789352417,0.6174860000610352,26.83928680419922,1.0022618770599365,1.0023702383041382,1.0023468732833862,,,,,
1,17,15.487306594848633,14.317323684692383,0.6221318244934082,0.6150143146514893,15.487306594848633,1.002396821975708,1.0025230646133423,1.002480149269104,,,,,
1,18,31.42045783996582,30.180877685546875,0.7877954840660095,0.603243887424469,31.42045783996582,1.0025265216827393,1.002670407295227,1.0026110410690308,,,,,
1,19,16.735361099243164,15.546539306640625,0.6588086485862732,0.6111583113670349,16.735361099243164,1.0026580095291138,1.0028207302093506,1.0027391910552979,,,,,
1,20,24.132471084594727,22.825998306274414,0.8271748423576355,0.6056598424911499,24.132471084594727,1.0027852058410645,1.0029679536819458,1.0028655529022217,,,,,
1,21,33.681732177734375,32.553585052490234,0.7177315950393677,0.5981884598731995,33.681732177734375,1.002911925315857,1.0031193494796753,1.0029898881912231,,,,,
1,22,20.84314727783203,19.54973602294922,0.8229016065597534,0.5884963870048523,20.84314727783203,1.0030418634414673,1.0032702684402466,1.0031118392944336,,,,,
1,23,22.309783935546875,21.14244270324707,0.7154721021652222,0.5840833187103271,22.309783935546875,1.0031695365905762,1.0034247636795044,1.0032309293746948,,,,,
1,24,24.015783309936523,22.86418342590332,0.7153239846229553,0.5850419402122498,24.015783309936523,1.0032960176467896,1.0035779476165771,1.0033471584320068,,,,,
1,25,17.52935218811035,16.458860397338867,0.6040922999382019,0.5763313174247742,17.52935218811035,1.0034222602844238,1.0037301778793335,1.0034608840942383,,,,,
1,26,21.15394401550293,20.008989334106445,0.7045231461524963,0.5801381468772888,21.15394401550293,1.0035452842712402,1.003875494003296,1.003571629524231,,,,,
1,27,26.332683563232422,25.183809280395508,0.7640714049339294,0.5674223899841309,26.332683563232422,1.0036673545837402,1.0040203332901,1.0036801099777222,,,,,
1,28,27.14945411682129,26.041610717773438,0.729584276676178,0.5732141137123108,27.14945411682129,1.0037907361984253,1.0041673183441162,1.0037853717803955,,,,,
1,29,13.348335266113281,12.204961776733398,0.6718983054161072,0.5645310282707214,13.348335266113281,1.003915786743164,1.0043147802352905,1.0038883686065674,,,,,
1,29,,,,,,,,,21.40180206298828,-0.064423568546772,0.3928571343421936,4.516181468963623,4.516181468963623
2,30,16.122638702392578,15.044567108154297,0.6593681573867798,0.5370499491691589,16.122638702392578,1.0040358304977417,1.0044596195220947,1.00398850440979,,,,,
2,31,8.531560897827148,7.43678617477417,0.6205873489379883,0.5327603816986084,8.531560897827148,1.0041530132293701,1.0046014785766602,1.004083275794983,,,,,
2,32,15.964163780212402,14.899262428283691,0.6696311235427856,0.518968403339386,15.964163780212402,1.0042635202407837,1.004738450050354,1.004172682762146,,,,,
2,33,17.523839950561523,16.368066787719727,0.7933443784713745,0.5030787587165833,17.523839950561523,1.004372000694275,1.0048738718032837,1.004255771636963,,,,,
2,34,21.497316360473633,20.382137298583984,0.8198813796043396,0.47514209151268005,21.497316360473633,1.0044795274734497,1.0050143003463745,1.004331350326538,,,,,
2,35,14.388847351074219,13.236412048339844,0.7770639061927795,0.49416500329971313,14.388847351074219,1.0045881271362305,1.0051602125167847,1.0043967962265015,,,,,
2,36,12.906698226928711,11.831730842590332,0.7240009903907776,0.45853230357170105,12.906698226928711,1.0046942234039307,1.005308985710144,1.0044552087783813,,,,,
2,37,8.078595161437988,7.055873394012451,0.6119016408920288,0.47417861223220825,8.078595161437988,1.0047972202301025,1.0054576396942139,1.0045028924942017,,,,,
2,38,11.873302459716797,10.734542846679688,0.7900083661079407,0.4509148895740509,11.873302459716797,1.0048948526382446,1.0055999755859375,1.0045428276062012,,,,,
2,39,21.198951721191406,20.21659278869629,0.7386764287948608,0.44108229875564575,21.198951721191406,1.0049896240234375,1.0057461261749268,1.0045726299285889,,,,,
2,40,18.350934982299805,17.35742950439453,0.7391805052757263,0.42658260464668274,18.350934982299805,1.00508713722229,1.0058932304382324,1.0045920610427856,,,,,
2,41,18.12137794494629,17.16234588623047,0.7023881673812866,0.4298176169395447,18.12137794494629,1.005185604095459,1.006041169166565,1.004600167274475,,,,,
2,42,10.715291976928711,9.61512565612793,0.7956411838531494,0.40276405215263367,10.715291976928711,1.0052849054336548,1.006187915802002,1.0045984983444214,,,,,
2,43,19.696048736572266,18.663143157958984,0.8335544466972351,0.39640218019485474,19.696048736572266,1.0053807497024536,1.0063382387161255,1.004584550857544,,,,,
2,44,14.18770694732666,13.159160614013672,0.7394687533378601,0.42900028824806213,14.18770694732666,1.0054786205291748,1.0064935684204102,1.004558801651001,,,,,
2,44,,,,,,,,,13.738540649414062,0.23076263070106506,0.4107142984867096,3.581483840942383,3.581483840942383
3,45,19.857017517089844,18.810791015625,0.8596963882446289,0.3926827609539032,19.857017517089844,1.005575180053711,1.0066485404968262,1.004526138305664,,,,,
3,46,8.898832321166992,7.815789699554443,0.7795150279998779,0.3885211646556854,8.898832321166992,1.005673885345459,1.0068089962005615,1.0044829845428467,,,,,
3,47,5.130067348480225,4.193912029266357,0.6021020412445068,0.3765239417552948,5.130067348480225,1.0057681798934937,1.0069704055786133,1.004429817199707,,,,,
3,48,8.060684204101562,7.05250358581543,0.7263162732124329,0.359813392162323,8.060684204101562,1.0058562755584717,1.0071231126785278,1.0043662786483765,,,,,
3,49,11.459564208984375,10.520689964294434,0.6948572397232056,0.36355307698249817,11.459564208984375,1.0059404373168945,1.0072749853134155,1.0042917728424072,,,,,
3,50,7.483780860900879,6.488687515258789,0.7101333737373352,0.35824835300445557,7.483780860900879,1.0060232877731323,1.0074244737625122,1.004207730293274,,,,,
3,51,8.586037635803223,7.653069496154785,0.672225832939148,0.34848281741142273,8.586037635803223,1.006102442741394,1.0075725317001343,1.0041146278381348,,,,,
3,52,9.5885009765625,8.584175109863281,0.7636959552764893,0.3422696590423584,9.5885009765625,1.0061790943145752,1.0077173709869385,1.0040125846862793,,,,,
3,53,10.356730461120605,9.436246871948242,0.7153042554855347,0.31772977113723755,10.356730461120605,1.006253957748413,1.0078641176223755,1.0039020776748657,,,,,
3,54,4.826203346252441,3.8506717681884766,0.673701822757721,0.34530404210090637,4.826203346252441,1.006327748298645,1.0080102682113647,1.0037815570831299,,,,,
3,55,8.51706600189209,7.543865203857422,0.7409621477127075,0.32398441433906555,8.51706600189209,1.0063971281051636,1.0081532001495361,1.0036550760269165,,,,,
3,56,10.152033805847168,9.211211204528809,0.7446926236152649,0.3102400600910187,10.152033805847168,1.0064648389816284,1.0082972049713135,1.0035213232040405,,,,,
3,57,4.343094825744629,3.3997464179992676,0.672585666179657,0.30975255370140076,4.343094825744629,1.0065321922302246,1.0084424018859863,1.0033799409866333,,,,,
3,58,19.618513107299805,18.758724212646484,0.8138867616653442,0.2882145941257477,19.618513107299805,1.0065953731536865,1.0085844993591309,1.0032318830490112,,,,,
3,59,6.036080837249756,5.188255786895752,0.6008597016334534,0.3092820644378662,6.036080837249756,1.0066649913787842,1.0087316036224365,1.0030763149261475,,,,,
3,59,,,,,,,,,8.706552505493164,0.2714979648590088,0.4285714328289032,2.801089286804199,2.801089286804199
4,60,9.183645248413086,8.320350646972656,0.6785577535629272,0.290747731924057,9.183645248413086,1.006731390953064,1.008871078491211,1.0029160976409912,,,,,
4,61,17.25223159790039,16.49188232421875,0.6894426345825195,0.2881799638271332,17.25223159790039,1.006797194480896,1.0090084075927734,1.002750277519226,,,,,
4,62,5.394989013671875,4.515223026275635,0.6534591913223267,0.2824093997478485,5.394989013671875,1.00686776638031,1.0091444253921509,1.0025795698165894,,,,,
4,63,4.9516682624816895,3.986454963684082,0.7592685222625732,0.25724494457244873,4.9516682624816895,1.0069347620010376,1.009277105331421,1.0024040937423706,,,,,
4,64,2.7048513889312744,1.8658510446548462,0.5867027044296265,0.2716723382472992,2.7048513889312744,1.006998062133789,1.0094131231307983,1.0022227764129639,,,,,
4,65,9.98426342010498,9.13794231414795,0.7057621479034424,0.2639528214931488,9.98426342010498,1.0070563554763794,1.0095415115356445,1.002037763595581,,,,,
4,66,9.439602851867676,8.467208862304688,0.8085632920265198,0.2809411287307739,9.439602851867676,1.0071154832839966,1.0096704959869385,1.001848816871643,,,,,
4,67,8.224996566772461,7.342020511627197,0.7386260032653809,0.24510493874549866,8.224996566772461,1.0071748495101929,1.0098060369491577,1.0016579627990723,,,,,
4,68,5.563398361206055,4.697440147399902,0.6779747009277344,0.2506653070449829,5.563398361206055,1.007233738899231,1.0099433660507202,1.0014630556106567,,,,,
4,69,4.101202487945557,3.1743321418762207,0.7374441027641296,0.23188075423240662,4.101202487945557,1.007290244102478,1.0100786685943604,1.0012651681900024,,,,,
4,70,7.241508483886719,6.391243934631348,0.7117046117782593,0.2276642918586731,7.241508483886719,1.0073434114456177,1.0102157592773438,1.0010634660720825,,,,,
4,71,4.618958473205566,3.7617621421813965,0.691781222820282,0.21639715135097504,4.618958473205566,1.0073959827423096,1.0103528499603271,1.0008585453033447,,,,,
4,72,4.35313606262207,3.497685670852661,0.686244785785675,0.21666988730430603,4.35313606262207,1.0074461698532104,1.010488748550415,1.00065016746521,,,,,
4,73,3.581451892852783,2.738903760910034,0.6625876426696777,0.2161276787519455,3.581451892852783,1.0074939727783203,1.0106233358383179,1.000439167022705,,,,,
4,74,3.136376142501831,2.2308263778686523,0.722697913646698,0.21307173371315002,3.136376142501831,1.007538914680481,1.0107553005218506,1.0002259016036987,,,,,
4,74,,,,,,,,,6.08627986907959,0.15161795914173126,0.4285714328289032,2.2977867126464844,2.2977867126464844
5,75,1.6419730186462402,0.7628113031387329,0.684207022190094,0.2026621401309967,1.6419730186462402,1.0075809955596924,1.0108885765075684,1.00001060962677,,,,,
5,76,6.315885543823242,5.483991622924805,0.7219539880752563,0.18979446589946747,6.315885543823242,1.0076193809509277,1.0110206604003906,0.9997933506965637,,,,,
5,77,4.192409515380859,3.3426103591918945,0.6974871754646301,0.19976288080215454,4.192409515380859,1.0076580047607422,1.0111539363861084,0.9995736479759216,,,,,
5,78,5.32559061050415,4.56156587600708,0.6420412659645081,0.18715354800224304,5.32559061050415,1.007695198059082,1.011286973953247,0.9993526935577393,,,,,
5,79,5.51954460144043,4.6777191162109375,0.7168881297111511,0.19401508569717407,5.51954460144043,1.0077321529388428,1.0114160776138306,0.9991300702095032,,,,,
5,80,10.714920043945312,9.992864608764648,0.6878366470336914,0.1847793608903885,10.714920043945312,1.007768988609314,1.0115466117858887,0.9989066123962402,,,,,
5,81,1.800599217414856,0.9062398076057434,0.747261106967926,0.15974771976470947,1.800599217414856,1.0078098773956299,1.0116764307022095,0.9986821413040161,,,,,
5,82,5.8356852531433105,4.97627592086792,0.7689777612686157,0.16693949699401855,5.8356852531433105,1.0078471899032593,1.0118093490600586,0.9984555244445801,,,,,
5,83,4.6737823486328125,3.870030641555786,0.681593656539917,0.1798744797706604,4.6737823486328125,1.0078846216201782,1.011946439743042,0.9982276558876038,,,,,
5,84,4.062717914581299,3.257136583328247,0.6848586797714233,0.16939398646354675,4.062717914581299,1.0079213380813599,1.0120817422866821,0.9979997277259827,,,,,
5,85,4.294627666473389,3.5170822143554688,0.6677092909812927,0.16259977221488953,4.294627666473389,1.0079567432403564,1.0122157335281372,0.9977712035179138,,,,,
5,86,3.69043231010437,2.8843743801116943,0.6899999976158142,0.15978124737739563,3.69043231010437,1.0079913139343262,1.0123474597930908,0.9975420832633972,,,,,
5,87,5.935366630554199,5.123064994812012,0.7327789068222046,0.1601494699716568,5.935366630554199,1.0080245733261108,1.0124784708023071,0.9973124861717224,,,,,
5,88,4.958099365234375,4.191485404968262,0.677878201007843,0.15372498333454132,4.958099365234375,1.0080586671829224,1.012611746788025,0.9970826506614685,,,,,
5,89,7.25834321975708,6.538716793060303,0.6713705658912659,0.1510772705078125,7.25834321975708,1.0080925226211548,1.0127434730529785,0.996852457523346,,,,,
5,89,,,,,,,,,5.097030162811279,0.1882864385843277,0.4285714328289032,2.0829384326934814,2.0829384326934814
6,90,8.425193786621094,7.723935127258301,0.6796525120735168,0.14433929324150085,8.425193786621094,1.0081281661987305,1.0128732919692993,0.9966220259666443,,,,,
6,91,3.4794933795928955,2.675093412399292,0.7008664608001709,0.1460770070552826,3.4794933795928955,1.0081666707992554,1.0130021572113037,0.996391236782074,,,,,
6,92,2.4348137378692627,1.6402465105056763,0.6824879050254822,0.13780665397644043,2.4348137378692627,1.0082032680511475,1.0131313800811768,0.9961603879928589,,,,,
6,93,5.4602766036987305,4.699224948883057,0.7004008293151855,0.13691669702529907,5.4602766036987305,1.0082374811172485,1.013259768486023,0.9959292411804199,,,,,
6,94,3.95192551612854,3.1559717655181885,0.7230470776557922,0.12514722347259521,3.95192551612854,1.0082720518112183,1.0133886337280273,0.9956979751586914,,,,,
6,95,4.160942077636719,3.409799575805664,0.6824722290039062,0.12440664321184158,4.160942077636719,1.008305549621582,1.0135194063186646,0.9954662322998047,,,,,
6,96,5.201277732849121,4.458489894866943,0.6865090727806091,0.12974779307842255,5.201277732849121,1.008338451385498,1.0136492252349854,0.9952341914176941,,,,,
6,97,5.912990093231201,5.162937641143799,0.7108771204948425,0.12546366453170776,5.912990093231201,1.0083715915679932,1.0137783288955688,0.9950023293495178,,,,,
6,98,6.787351131439209,6.076786041259766,0.6790381669998169,0.1325775682926178,6.787351131439209,1.0084058046340942,1.0139086246490479,0.9947705864906311,,,,,
6,99,5.952656269073486,5.20778751373291,0.7111839652061462,0.1218489557504654,5.952656269073486,1.0084415674209595,1.0140377283096313,0.9945394992828369,,,,,
6,100,2.447084903717041,1.6692886352539062,0.6908121109008789,0.11596501618623734,2.447084903717041,1.0084781646728516,1.0141680240631104,0.994308590888977,,,,,
6,101,3.6559438705444336,2.8931243419647217,0.703669011592865,0.10944031178951263,3.6559438705444336,1.008512258529663,1.0142979621887207,0.9940778017044067,,,,,
6,102,2.1083202362060547,1.3389970064163208,0.6715549826622009,0.12116283923387527,2.1083202362060547,1.0085452795028687,1.0144284963607788,0.9938468337059021,,,,,
6,103,3.8939766883850098,3.1148226261138916,0.7080279588699341,0.12583394348621368,3.8939766883850098,1.0085759162902832,1.0145573616027832,0.99361652135849,,,,,
6,104,5.573023796081543,4.8664231300354,0.6805950403213501,0.11026965081691742,5.573023796081543,1.00860595703125,1.014687180519104,0.9933871626853943,,,,,
6,104,,,,,,,,,4.841001510620117,0.1001075729727745,0.4285714328289032,2.029754638671875,2.029754638671875
7,105,9.743804931640625,9.112617492675781,0.6912279725074768,0.09760088473558426,9.743804931640625,1.0086371898651123,1.0148160457611084,0.9931580424308777,,,,,
7,106,2.3908534049987793,1.6318963766098022,0.6968505382537842,0.09272198379039764,2.3908534049987793,1.0086731910705566,1.0149447917938232,0.992928683757782,,,,,
7,107,4.055809020996094,3.33622407913208,0.6801041960716248,0.09910893440246582,4.055809020996094,1.00870680809021,1.0150738954544067,0.9926989674568176,,,,,
7,108,5.562577247619629,4.877302169799805,0.6765620708465576,0.09528974443674088,5.562577247619629,1.0087398290634155,1.0152020454406738,0.9924695491790771,,,,,
7,109,6.289195537567139,5.606919765472412,0.6927229166030884,0.08985015749931335,6.289195537567139,1.008773684501648,1.015329122543335,0.9922402501106262,,,,,
7,110,5.37652587890625,4.6827874183654785,0.6801770329475403,0.09786442667245865,5.37652587890625,1.0088090896606445,1.0154564380645752,0.9920109510421753,,,,,
7,111,2.5217390060424805,1.7642449140548706,0.7011802196502686,0.0909365713596344,2.5217390060424805,1.0088450908660889,1.0155830383300781,0.9917822480201721,,,,,
7,112,4.0990471839904785,3.380558490753174,0.6858270168304443,0.0953759178519249,4.0990471839904785,1.0088787078857422,1.0157105922698975,0.9915538430213928,,,,,
7,113,4.941397190093994,4.212550640106201,0.7088366150856018,0.09842754155397415,4.941397190093994,1.0089118480682373,1.0158376693725586,0.991326093673706,,,,,
7,114,4.534942150115967,3.828906297683716,0.6845991611480713,0.09289734810590744,4.534942150115967,1.008945345878601,1.0159661769866943,0.9910991191864014,,,,,
7,115,3.8119168281555176,3.099804401397705,0.6818968057632446,0.08918403089046478,3.8119168281555176,1.0089788436889648,1.0160940885543823,0.9908728003501892,,,,,
7,116,5.136203289031982,4.453855514526367,0.6815015077590942,0.08436354994773865,5.136203289031982,1.0090116262435913,1.0162214040756226,0.9906468987464905,,,,,
7,117,3.3639886379241943,2.6455488204956055,0.6838147640228271,0.08638829737901688,3.3639886379241943,1.009044885635376,1.0163482427597046,0.9904214143753052,,,,,
7,118,4.009753227233887,3.2899489402770996,0.6928502917289734,0.0908222496509552,4.009753227233887,1.0090771913528442,1.016474723815918,0.9901964068412781,,,,,
7,119,7.6229352951049805,6.977990627288818,0.6937172412872314,0.08198443055152893,7.6229352951049805,1.0091090202331543,1.0166014432907104,0.9899722337722778,,,,,
7,119,,,,,,,,,4.8468475341796875,-0.009741254150867462,0.4464285671710968,2.037804365158081,2.037804365158081
8,120,7.658741474151611,7.0254082679748535,0.6897696256637573,0.0758485496044159,7.658741474151611,1.0091440677642822,1.0167285203933716,0.989748477935791,,,,,
8,121,1.2500584125518799,0.4860065281391144,0.7026892900466919,0.07631976902484894,1.2500584125518799,1.009182095527649,1.0168557167053223,0.9895249009132385,,,,,
8,122,2.4827001094818115,1.751484751701355,0.6865786910057068,0.08217496424913406,2.4827001094818115,1.009216547012329,1.0169837474822998,0.9893016815185547,,,,,
8,123,9.327204704284668,8.729798316955566,0.6818251013755798,0.08061468601226807,9.327204704284668,1.0092488527297974,1.0171116590499878,0.9890791177749634,,,,,
8,124,7.518394470214844,6.872483730316162,0.6982384920120239,0.08007385581731796,7.518394470214844,1.0092860460281372,1.0172388553619385,0.9888572692871094,,,,,
8,125,5.292062759399414,4.618067741394043,0.6879541873931885,0.07741212099790573,5.292062759399414,1.0093261003494263,1.0173667669296265,0.9886360168457031,,,,,
8,126,2.4981017112731934,1.7773010730743408,0.6908390522003174,0.06968823075294495,2.4981017112731934,1.0093662738800049,1.017494559288025,0.9884153604507446,,,,,
8,127,7.299379825592041,6.661642551422119,0.6923626661300659,0.07591486722230911,7.299379825592041,1.009403944015503,1.0176223516464233,0.98819500207901,,,,,
8,128,6.0235466957092285,5.352895259857178,0.701770544052124,0.0760786235332489,6.0235466957092285,1.0094441175460815,1.0177503824234009,0.9879752397537231,,,,,
8,129,2.926337480545044,2.195164203643799,0.6977380514144897,0.08190464973449707,2.926337480545044,1.0094852447509766,1.0178792476654053,0.9877561330795288,,,,,
8,130,5.2077813148498535,4.5386834144592285,0.6946857571601868,0.0675061047077179,5.2077813148498535,1.0095242261886597,1.0180084705352783,0.9875379800796509,,,,,
8,131,4.647148609161377,3.9383974075317383,0.7121939063072205,0.07918958365917206,4.647148609161377,1.0095634460449219,1.01813805103302,0.9873201847076416,,,,,
8,132,4.566112995147705,3.893742799758911,0.6831902265548706,0.07065173983573914,4.566112995147705,1.009602427482605,1.0182689428329468,0.9871032238006592,,,,,
8,133,4.20084285736084,3.5190064907073975,0.6894099116325378,0.06756309419870377,4.20084285736084,1.0096410512924194,1.0183991193771362,0.9868867993354797,,,,,
8,134,3.118417263031006,2.4109160900115967,0.6926432251930237,0.06937161087989807,3.118417263031006,1.0096790790557861,1.018528938293457,0.9866707921028137,,,,,
8,134,,,,,,,,,4.91819953918457,0.006156567484140396,0.4464285671710968,2.0609896183013916,2.0609896183013916
9,135,8.041906356811523,7.422627925872803,0.6884617209434509,0.08119629323482513,8.041906356811523,1.0097154378890991,1.0186588764190674,0.9864553213119507,,,,,
9,136,4.2919816970825195,3.6105446815490723,0.6908079981803894,0.0688970685005188,4.2919816970825195,1.0097553730010986,1.018788456916809,0.9862409234046936,,,,,
9,137,6.362544536590576,5.696573734283447,0.7118189930915833,0.07378914952278137,6.362544536590576,1.0097947120666504,1.0189180374145508,0.9860270619392395,,,,,
9,138,2.767972946166992,2.060807704925537,0.6925560235977173,0.0639825314283371,2.767972946166992,1.0098356008529663,1.0190489292144775,0.9858139157295227,,,,,
9,139,2.2450497150421143,1.505070686340332,0.7047138810157776,0.07431939244270325,2.2450497150421143,1.0098741054534912,1.0191798210144043,0.9856011271476746,,,,,
9,140,5.483211040496826,4.845047950744629,0.6779001355171204,0.06413942575454712,5.483211040496826,1.009909987449646,1.0193114280700684,0.9853891730308533,,,,,
9,141,6.424864768981934,5.7982563972473145,0.6819031238555908,0.06784218549728394,6.424864768981934,1.0099470615386963,1.019441843032837,0.9851775765419006,,,,,
9,142,5.211237907409668,4.577098846435547,0.6726012825965881,0.06112368404865265,5.211237907409668,1.0099860429763794,1.0195714235305786,0.9849665760993958,,,,,
9,143,4.221608638763428,3.5293421745300293,0.7002018690109253,0.07219921797513962,4.221608638763428,1.0100255012512207,1.0196996927261353,0.9847558736801147,,,,,
9,144,3.5252537727355957,2.8394036293029785,0.6865154504776001,0.06591399759054184,3.5252537727355957,1.0100644826889038,1.0198286771774292,0.9845460057258606,,,,,
9,145,5.517210960388184,4.871147155761719,0.6894832849502563,0.06416141241788864,5.517210960388184,1.0101020336151123,1.0199573040008545,0.9843366742134094,,,,,
9,146,4.418270587921143,3.7483596801757812,0.6977397203445435,0.058383628726005554,4.418270587921143,1.0101407766342163,1.0200859308242798,0.9841278195381165,,,,,
9,147,8.312398910522461,7.732243061065674,0.6826211214065552,0.06334485113620758,8.312398910522461,1.0101791620254517,1.0202150344848633,0.9839192032814026,,,,,
9,148,4.283783912658691,3.595688819885254,0.7045417428016663,0.06761947274208069,4.283783912658691,1.0102216005325317,1.020343542098999,0.9837111234664917,,,,,
9,149,3.246195077896118,2.5558173656463623,0.685746431350708,0.06741201877593994,3.246195077896118,1.010263204574585,1.0204731225967407,0.9835037589073181,,,,,
9,149,,,,,,,,,4.932347297668457,-0.060706183314323425,0.4464285671710968,2.0687332153320312,2.0687332153320312
10,150,11.28100299835205,10.761902809143066,0.6838283538818359,0.0649576410651207,11.28100299835205,1.0103031396865845,1.0206022262573242,0.9832971096038818,,,,,
10,151,6.434997081756592,5.812591075897217,0.693103015422821,0.05981331318616867,6.434997081756592,1.010350227355957,1.0207308530807495,0.9830910563468933,,,,,
10,152,3.0800857543945312,2.396017074584961,0.6930612921714783,0.052532270550727844,3.0800857543945312,1.010398507118225,1.020859718322754,0.9828853011131287,,,,,
10,153,3.9349801540374756,3.28354549407959,0.6683235168457031,0.06194235011935234,3.9349801540374756,1.010444164276123,1.0209887027740479,0.9826797246932983,,,,,
10,154,4.510931015014648,3.866748809814453,0.6861155033111572,0.05053548514842987,4.510931015014648,1.0104883909225464,1.0211161375045776,0.9824746251106262,,,,,
10,155,3.8638768196105957,3.2070960998535156,0.6794272065162659,0.05617367476224899,3.8638768196105957,1.0105321407318115,1.0212434530258179,0.9822696447372437,,,,,
10,156,2.3977081775665283,1.6932357549667358,0.7021872401237488,0.05115984380245209,2.3977081775665283,1.0105745792388916,1.0213700532913208,0.9820650219917297,,,,,
10,157,4.582268238067627,3.907883644104004,0.7102022171020508,0.05966932699084282,4.582268238067627,1.010614275932312,1.0214977264404297,0.9818605780601501,,,,,
10,158,3.755225419998169,3.0724382400512695,0.7035390138626099,0.0575048103928566,3.755225419998169,1.0106537342071533,1.0216269493103027,0.9816567301750183,,,,,
10,159,4.80252742767334,4.155270576477051,0.6908835768699646,0.05731187015771866,4.80252742767334,1.0106923580169678,1.0217571258544922,0.9814534187316895,,,,,
10,160,5.659426212310791,5.014371871948242,0.7034217119216919,0.06158239021897316,5.659426212310791,1.0107313394546509,1.021887183189392,0.981250524520874,,,,,
10,161,1.370375633239746,0.6527177095413208,0.6958198547363281,0.05002296343445778,1.370375633239746,1.0107715129852295,1.0220179557800293,0.9810483455657959,,,,,
10,162,5.071843147277832,4.459194660186768,0.6648077368736267,0.05567596107721329,5.071843147277832,1.010807991027832,1.0221490859985352,0.9808464050292969,,,,,
10,163,3.1941940784454346,2.5075221061706543,0.6979217529296875,0.056814759969711304,3.1941940784454346,1.0108453035354614,1.0222779512405396,0.9806448817253113,,,,,
10,164,4.199446678161621,3.555176258087158,0.6833532452583313,0.05136594548821449,4.199446678161621,1.0108813047409058,1.0224075317382812,0.9804438352584839,,,,,
10,164,,,,,,,,,4.919402122497559,-0.08386754989624023,0.4285714328289032,2.069525718688965,2.069525718688965
11,165,3.2475993633270264,2.5632266998291016,0.7010623812675476,0.053565219044685364,3.2475993633270264,1.01091730594635,1.0225363969802856,0.9802431464195251,,,,,
11,166,3.8966190814971924,3.2505125999450684,0.6797230839729309,0.050982944667339325,3.8966190814971924,1.010952115058899,1.022666096687317,0.9800428152084351,,,,,
11,167,9.113702774047852,8.577865600585938,0.6788877844810486,0.056830428540706635,9.113702774047852,1.0109866857528687,1.0227949619293213,0.9798428416252136,,,,,
11,168,4.749782085418701,4.105645656585693,0.6997436881065369,0.04933786019682884,4.749782085418701,1.0110270977020264,1.0229228734970093,0.9796434044837952,,,,,
11,169,5.548677921295166,4.922408580780029,0.6911035776138306,0.057664480060338974,5.548677921295166,1.0110677480697632,1.0230517387390137,0.9794442653656006,,,,,
11,170,2.860170602798462,2.1835527420043945,0.6902202367782593,0.049908436834812164,2.860170602798462,1.0111095905303955,1.0231804847717285,0.9792457222938538,,,,,
11,171,3.4853055477142334,2.818136692047119,0.6883103847503662,0.05627451837062836,3.4853055477142334,1.0111491680145264,1.023309350013733,0.9790474772453308,,,,,
11,172,4.8243584632873535,4.183772563934326,0.6903365850448608,0.05811694636940956,4.8243584632873535,1.0111876726150513,1.0234379768371582,0.9788498282432556,,,,,
11,173,2.0724704265594482,1.369586706161499,0.6985045075416565,0.05127518251538277,2.0724704265594482,1.0112266540527344,1.023566722869873,0.9786527752876282,,,,,
11,174,2.448448896408081,1.7453255653381348,0.6967355012893677,0.06135823205113411,2.448448896408081,1.0112628936767578,1.0236960649490356,0.9784561395645142,,,,,
11,175,10.780536651611328,10.263738632202148,0.711114764213562,0.051316361874341965,10.780536651611328,1.0112969875335693,1.023825764656067,0.9782602190971375,,,,,
11,176,6.607196807861328,6.007396221160889,0.69407057762146,0.056452203541994095,6.607196807861328,1.0113391876220703,1.0239568948745728,0.9780645966529846,,,,,
11,177,4.98102331161499,4.3580121994018555,0.6829444766044617,0.054146312177181244,4.98102331161499,1.0113837718963623,1.0240881443023682,0.9778695702552795,,,,,
11,178,6.57992696762085,5.974373817443848,0.6989675760269165,0.05810073763132095,6.57992696762085,1.0114284753799438,1.0242185592651367,0.9776749610900879,,,,,
11,179,1.7247436046600342,0.9915224313735962,0.7299156785011292,0.0451682023704052,1.7247436046600342,1.0114752054214478,1.0243494510650635,0.977480947971344,,,,,
11,179,,,,,,,,,4.925097465515137,-0.09414545446634293,0.4464285671710968,2.074056386947632,2.074056386947632
12,180,6.659124374389648,6.083700656890869,0.6869840025901794,0.04391254484653473,6.659124374389648,1.011518120765686,1.0244829654693604,0.9772869944572449,,,,,
12,181,3.0608811378479004,2.4012956619262695,0.6860617399215698,0.045860569924116135,3.0608811378479004,1.0115633010864258,1.02461576461792,0.9770930409431458,,,,,
12,182,8.711196899414062,8.18470287322998,0.6918218731880188,0.03989405930042267,8.711196899414062,1.0116064548492432,1.0247478485107422,0.976899266242981,,,,,
12,183,2.223144769668579,1.5278618335723877,0.7052463889122009,0.04413856565952301,2.223144769668579,1.0116544961929321,1.0248796939849854,0.9767054915428162,,,,,
12,184,4.677026748657227,4.06084680557251,0.6890639662742615,0.03923189267516136,4.677026748657227,1.0116990804672241,1.0250123739242554,0.9765118360519409,,,,,
12,185,5.135821342468262,4.511044025421143,0.7075287103652954,0.041084736585617065,5.135821342468262,1.0117435455322266,1.0251444578170776,0.9763181805610657,,,,,
12,186,5.702932834625244,5.096039295196533,0.6939167380332947,0.04984285682439804,5.702932834625244,1.0117884874343872,1.0252774953842163,0.97612464427948,,,,,
12,187,2.6085965633392334,1.9351303577423096,0.6948276162147522,0.043008171021938324,2.6085965633392334,1.0118346214294434,1.0254102945327759,0.9759316444396973,,,,,
12,188,5.526381492614746,4.942495346069336,0.6740008592605591,0.04372476041316986,5.526381492614746,1.0118780136108398,1.0255430936813354,0.9757388830184937,,,,,
12,189,4.650628089904785,4.0269246101379395,0.7012065052986145,0.03716275468468666,4.650628089904785,1.0119224786758423,1.0256742238998413,0.9755463600158691,,,,,
12,190,2.617908239364624,1.9449436664581299,0.6983229517936707,0.040566496551036835,2.617908239364624,1.0119668245315552,1.0258058309555054,0.9753538370132446,,,,,
12,191,5.872180461883545,5.292428016662598,0.6790589094161987,0.044751767069101334,5.872180461883545,1.0120086669921875,1.025937795639038,0.9751614928245544,,,,,
12,192,3.2449283599853516,2.5901057720184326,0.6974635720252991,0.03926350176334381,3.2449283599853516,1.012052297592163,1.0260684490203857,0.9749695658683777,,,,,
12,193,3.1466798782348633,2.5070104598999023,0.6839571595191956,0.035546377301216125,3.1466798782348633,1.0120941400527954,1.026199460029602,0.9747778177261353,,,,,
12,194,5.984419345855713,5.399059295654297,0.6971848011016846,0.03786138817667961,5.984419345855713,1.0121344327926636,1.026329755783081,0.9745861291885376,,,,,
12,194,,,,,,,,,4.803454875946045,-0.07860259711742401,0.4821428656578064,2.0469985008239746,2.0469985008239746
13,195,4.8690948486328125,4.259463787078857,0.6908596158027649,0.04131833836436272,4.8690948486328125,1.012176752090454,1.0264604091644287,0.9743945598602295,,,,,
13,196,2.9252848625183105,2.2608773708343506,0.6988201141357422,0.041117604821920395,2.9252848625183105,1.0122195482254028,1.0265908241271973,0.97420334815979,,,,,
13,197,5.765592575073242,5.1772685050964355,0.6979580521583557,0.036668434739112854,5.765592575073242,1.0122604370117188,1.0267215967178345,0.9740124940872192,,,,,
13,198,6.5919718742370605,6.023357391357422,0.7060384154319763,0.030669022351503372,6.5919718742370605,1.0123029947280884,1.0268528461456299,0.973821759223938,,,,,
13,199,3.803278684616089,3.161919116973877,0.7051877379417419,0.03529485687613487,3.803278684616089,1.0123482942581177,1.0269848108291626,0.973630964756012,,,,,
13,200,2.48587965965271,1.8160823583602905,0.7018673419952393,0.034620918333530426,2.48587965965271,1.012392520904541,1.0271176099777222,0.9734403491020203,,,,,
13,201,2.2980964183807373,1.6394274234771729,0.6901996731758118,0.030779697000980377,2.2980964183807373,1.0124340057373047,1.02725088596344,0.9732499122619629,,,,,
13,202,3.1941041946411133,2.561786413192749,0.682667076587677,0.03426226228475571,3.1941041946411133,1.0124728679656982,1.0273834466934204,0.9730594754219055,,,,,
13,203,8.904868125915527,8.40120792388916,0.6944164633750916,0.03804204240441322,8.904868125915527,1.0125105381011963,1.027515172958374,0.9728692770004272,,,,,
13,204,7.382203578948975,6.849895000457764,0.6930728554725647,0.031019151210784912,7.382203578948975,1.012554407119751,1.027646780014038,0.9726794362068176,,,,,
13,205,4.141356945037842,3.536175489425659,0.6795152425765991,0.03531637787818909,4.141356945037842,1.0126019716262817,1.027778148651123,0.9724897146224976,,,,,
13,206,3.947477102279663,3.3282203674316406,0.6831271648406982,0.040972959250211716,3.947477102279663,1.0126487016677856,1.027908444404602,0.9723002910614014,,,,,
13,207,5.6552276611328125,5.080350399017334,0.6877443194389343,0.03659363090991974,5.6552276611328125,1.0126944780349731,1.0280380249023438,0.9721113443374634,,,,,
13,208,3.8511147499084473,3.204000949859619,0.7100945115089417,0.04113583266735077,3.8511147499084473,1.0127415657043457,1.0281671285629272,0.971922755241394,,,,,
13,209,3.1818549633026123,2.5404703617095947,0.6856605410575867,0.042256440967321396,3.1818549633026123,1.0127874612808228,1.028297781944275,0.9717347025871277,,,,,
13,209,,,,,,,,,5.201190948486328,-0.042273133993148804,0.5178571343421936,2.1471545696258545,2.1471545696258545
14,210,1.8064320087432861,1.1222138404846191,0.6952441334724426,0.04079301655292511,1.8064320087432861,1.012831449508667,1.0284277200698853,0.9715471267700195,,,,,
14,211,5.417091369628906,4.852273464202881,0.6622226238250732,0.04671806842088699,5.417091369628906,1.0128719806671143,1.0285577774047852,0.9713600277900696,,,,,
14,212,3.0930404663085938,2.459944009780884,0.6768786907196045,0.04140947014093399,3.0930404663085938,1.0129140615463257,1.0286855697631836,0.9711735844612122,,,,,
14,213,4.162435531616211,3.5396509170532227,0.6983547210693359,0.038768284022808075,4.162435531616211,1.0129544734954834,1.0288124084472656,0.9709876179695129,,,,,
14,214,4.970635890960693,4.373410224914551,0.6926661729812622,0.04020039737224579,4.970635890960693,1.0129950046539307,1.0289398431777954,0.9708018898963928,,,,,
14,215,3.346982955932617,2.693174123764038,0.7125450372695923,0.03583436459302902,3.346982955932617,1.0130363702774048,1.0290676355361938,0.9706165790557861,,,,,
14,216,5.304394245147705,4.721778869628906,0.6914272308349609,0.036929838359355927,5.304394245147705,1.013076663017273,1.0291969776153564,0.970431387424469,,,,,
14,217,6.564327716827393,6.021597862243652,0.6849250197410583,0.03716278821229935,6.564327716827393,1.0131183862686157,1.0293264389038086,0.9702464938163757,,,,,
14,218,5.532524108886719,4.961623668670654,0.6903300285339355,0.033768851310014725,5.532524108886719,1.0131632089614868,1.0294551849365234,0.9700618386268616,,,,,
14,219,2.3321774005889893,1.6966652870178223,0.6683518886566162,0.03506430238485336,2.3321774005889893,1.0132094621658325,1.0295839309692383,0.969877302646637,,,,,
14,220,2.5149693489074707,1.875758171081543,0.6782299280166626,0.03444712609052658,2.5149693489074707,1.0132527351379395,1.0297108888626099,0.9696929454803467,,,,,
14,221,2.6655352115631104,2.0235331058502197,0.6918950080871582,0.02887818217277527,2.6655352115631104,1.0132935047149658,1.029836893081665,0.9695087671279907,,,,,
14,222,4.977714538574219,4.401069641113281,0.6854938268661499,0.031843606382608414,4.977714538574219,1.0133323669433594,1.0299633741378784,0.9693245887756348,,,,,
14,223,10.946188926696777,10.535832405090332,0.6832941770553589,0.029156172648072243,10.946188926696777,1.013372540473938,1.0300894975662231,0.9691405296325684,,,,,
14,224,2.9026784896850586,2.2520015239715576,0.7029129862785339,0.03387707471847534,2.9026784896850586,1.013421893119812,1.0302152633666992,0.9689565300941467,,,,,
14,224,,,,,,,,,5.021653175354004,-0.03791219741106033,0.5357142686843872,2.107313871383667,2.107313871383667
15,225,6.6456217765808105,6.1216630935668945,0.6766951084136963,0.034365810453891754,6.6456217765808105,1.013468623161316,1.0303422212600708,0.9687727093696594,,,,,
15,226,3.6222782135009766,2.9842255115509033,0.7108082175254822,0.033967453986406326,3.6222782135009766,1.0135183334350586,1.030468225479126,0.9685892462730408,,,,,
15,227,2.7363154888153076,2.1183905601501465,0.660477340221405,0.03835797309875488,2.7363154888153076,1.0135663747787476,1.0305960178375244,0.9684059619903564,,,,,
15,228,3.7058377265930176,3.0828964710235596,0.6985882520675659,0.03387478366494179,3.7058377265930176,1.0136117935180664,1.0307214260101318,0.9682231545448303,,,,,
15,229,2.188767433166504,1.5437980890274048,0.6782181262969971,0.0342862531542778,2.188767433166504,1.0136562585830688,1.0308477878570557,0.9680405855178833,,,,,
15,230,8.011707305908203,7.532479286193848,0.6833371520042419,0.02537365071475506,8.011707305908203,1.0136977434158325,1.0309733152389526,0.9678582549095154,,,,,
15,231,5.768896102905273,5.237055778503418,0.6641839742660522,0.0344090573489666,5.768896102905273,1.0137444734573364,1.031098484992981,0.9676758050918579,,,,,
15,232,2.4319510459899902,1.7334401607513428,0.7361564636230469,0.039039500057697296,2.4319510459899902,1.0137929916381836,1.031221866607666,0.9674937129020691,,,,,
15,233,2.8204729557037354,2.200467348098755,0.6772207617759705,0.029579732567071915,2.8204729557037354,1.0138384103775024,1.0313493013381958,0.9673120379447937,,,,,
15,234,4.30657958984375,3.7427427768707275,0.6640827059745789,0.028150778263807297,4.30657958984375,1.0138816833496094,1.0314756631851196,0.9671305418014526,,,,,
15,235,3.6703224182128906,3.06361985206604,0.6822327971458435,0.03540607541799545,3.6703224182128906,1.0139249563217163,1.0316001176834106,0.9669489860534668,,,,,
15,236,7.286433219909668,6.797213554382324,0.6741105318069458,0.028598371893167496,7.286433219909668,1.013967514038086,1.0317243337631226,0.9667678475379944,,,,,
15,237,3.8673505783081055,3.271050214767456,0.6867808699607849,0.027811508625745773,3.8673505783081055,1.014014482498169,1.031847596168518,0.9665867686271667,,,,,
15,238,3.037280559539795,2.4356155395507812,0.663070559501648,0.032552383840084076,3.037280559539795,1.0140604972839355,1.0319709777832031,0.9664057493209839,,,,,
15,239,5.046562671661377,4.486236095428467,0.6824833154678345,0.030169103294610977,5.046562671661377,1.0141046047210693,1.0320926904678345,0.9662250280380249,,,,,
15,239,,,,,,,,,4.76831579208374,0.10571913421154022,0.5357142686843872,2.0498008728027344,2.0498008728027344
16,240,4.064002990722656,3.4639031887054443,0.6945645809173584,0.03078383579850197,4.064002990722656,1.014149785041809,1.0322144031524658,0.9660444855690002,,,,,
16,241,3.498880386352539,2.888789653778076,0.6845526099205017,0.03438748046755791,3.498880386352539,1.0141946077346802,1.032336950302124,0.9658641219139099,,,,,
16,242,5.320813179016113,4.747881889343262,0.7027592658996582,0.032519783824682236,5.320813179016113,1.0142382383346558,1.0324597358703613,0.9656841158866882,,,,,
16,243,3.7437222003936768,3.1424806118011475,0.696405291557312,0.02315172739326954,3.7437222003936768,1.0142834186553955,1.0325838327407837,0.9655043482780457,,,,,
16,244,2.3460581302642822,1.6890387535095215,0.7007979154586792,0.03370526432991028,2.3460581302642822,1.0143277645111084,1.032708764076233,0.9653245210647583,,,,,
16,245,3.514914035797119,2.9361319541931152,0.6631782650947571,0.026639608666300774,3.514914035797119,1.0143693685531616,1.032834768295288,0.9651449918746948,,,,,
16,246,5.258042812347412,4.701221466064453,0.6840824484825134,0.03467964008450508,5.258042812347412,1.014410376548767,1.0329588651657104,0.9649655818939209,,,,,
16,247,2.3319010734558105,1.688132882118225,0.6893050670623779,0.032219916582107544,2.3319010734558105,1.0144530534744263,1.0330828428268433,0.9647865295410156,,,,,
16,248,2.9878199100494385,2.382336378097534,0.6735601425170898,0.028921838849782944,2.9878199100494385,1.0144931077957153,1.0332070589065552,0.9646077752113342,,,,,
16,249,5.376119613647461,4.825517177581787,0.6902896165847778,0.028256677091121674,5.376119613647461,1.0145318508148193,1.0333302021026611,0.9644291400909424,,,,,
16,250,2.4377310276031494,1.794575810432434,0.701134979724884,0.0250024925917387,2.4377310276031494,1.0145728588104248,1.0334538221359253,0.9642506241798401,,,,,
16,251,5.414714813232422,4.873203277587891,0.6866704225540161,0.02522309310734272,5.414714813232422,1.0146116018295288,1.0335787534713745,0.9640721678733826,,,,,
16,252,4.021410942077637,3.416577100753784,0.7107864022254944,0.0247945673763752,4.021410942077637,1.0146526098251343,1.0337035655975342,0.963893711566925,,,,,
16,253,3.9331860542297363,3.3662776947021484,0.6675164103507996,0.02624051831662655,3.9331860542297363,1.0146937370300293,1.0338302850723267,0.9637153744697571,,,,,
16,254,5.167404651641846,4.6673903465271,0.6422326564788818,0.02131671831011772,5.167404651641846,1.0147347450256348,1.0339552164077759,0.9635370969772339,,,,,
16,254,,,,,,,,,4.419626235961914,0.25256094336509705,0.5357142686843872,1.9636552333831787,1.9636552333831787
17,255,2.257274627685547,1.6416157484054565,0.6727522015571594,0.021465912461280823,2.257274627685547,1.0147775411605835,1.0340766906738281,0.9633587598800659,,,,,
17,256,4.596261501312256,4.03959321975708,0.6780229806900024,0.026931772008538246,4.596261501312256,1.0148178339004517,1.0341973304748535,0.963180422782898,,,,,
17,257,2.602590322494507,2.0284950733184814,0.6348944902420044,0.026713209226727486,2.602590322494507,1.0148590803146362,1.0343176126480103,0.9630023241043091,,,,,
17,258,4.446502208709717,3.9144320487976074,0.6465724110603333,0.028877245262265205,4.446502208709717,1.014898419380188,1.034434199333191,0.9628244042396545,,,,,
17,259,1.5714067220687866,0.9265403151512146,0.6865823268890381,0.018278680741786957,1.5714067220687866,1.0149387121200562,1.0345484018325806,0.9626467823982239,,,,,
17,260,2.9609200954437256,2.359928607940674,0.6677747964859009,0.03302381560206413,2.9609200954437256,1.014975666999817,1.0346636772155762,0.9624690413475037,,,,,
17,261,4.834743499755859,4.273029804229736,0.6920526623725891,0.027971066534519196,4.834743499755859,1.0150115489959717,1.034778356552124,0.9622917771339417,,,,,
17,262,2.7827353477478027,2.147613048553467,0.7045053839683533,0.02769555151462555,2.7827353477478027,1.0150493383407593,1.0348944664001465,0.9621147513389587,,,,,
17,263,2.9990453720092773,2.4088311195373535,0.6661385297775269,0.026710841804742813,2.9990453720092773,1.0150856971740723,1.0350128412246704,0.9619380235671997,,,,,
17,264,5.542478084564209,5.047236442565918,0.6461097598075867,0.028623029589653015,5.542478084564209,1.0151212215423584,1.035130262374878,0.9617614150047302,,,,,
17,265,6.419922828674316,5.938352584838867,0.6670167446136475,0.022858381271362305,6.419922828674316,1.0151598453521729,1.0352450609207153,0.9615851640701294,,,,,
17,266,4.278036594390869,3.681490421295166,0.7033900022506714,0.036354269832372665,4.278036594390869,1.015202283859253,1.035359263420105,0.9614089131355286,,,,,
17,267,6.3892502784729,5.874345779418945,0.6968562006950378,0.027372101321816444,6.3892502784729,1.0152451992034912,1.0354758501052856,0.9612332582473755,,,,,
17,268,4.433187484741211,3.890767812728882,0.6695920825004578,0.022122934460639954,4.433187484741211,1.015291690826416,1.03559410572052,0.9610577821731567,,,,,
17,269,7.701442241668701,7.244359016418457,0.6878260374069214,0.020947035402059555,7.701442241668701,1.0153383016586304,1.035711646080017,0.960882306098938,,,,,
17,269,,,,,,,,,4.521871089935303,0.20148003101348877,0.5,1.983066439628601,1.983066439628601
18,270,3.334864854812622,2.7532684803009033,0.680414080619812,0.018348047509789467,3.334864854812622,1.015390157699585,1.0358299016952515,0.9607067704200745,,,,,
18,271,4.955532550811768,4.390392303466797,0.7159064412117004,0.01862455904483795,4.955532550811768,1.0154401063919067,1.0359482765197754,0.9605311751365662,,,,,
18,272,5.4672532081604,4.980796813964844,0.6478053331375122,0.021596837788820267,5.4672532081604,1.0154908895492554,1.0360697507858276,0.9603555202484131,,,,,
18,273,2.6684820652008057,2.0789566040039062,0.655144214630127,0.02964591048657894,2.6684820652008057,1.015542984008789,1.0361882448196411,0.9601799249649048,,,,,
18,274,3.8638150691986084,3.3376500606536865,0.624921977519989,0.032850075513124466,3.8638150691986084,1.015592336654663,1.0363048315048218,0.9600047469139099,,,,,
18,275,4.57329797744751,4.038172721862793,0.6586729884147644,0.032295744866132736,4.57329797744751,1.0156409740447998,1.0364172458648682,0.9598300457000732,,,,,
18,276,6.827711582183838,6.36528205871582,0.6546295285224915,0.03499570116400719,6.827711582183838,1.0156899690628052,1.0365285873413086,0.95965576171875,,,,,
18,277,3.4661054611206055,2.897073745727539,0.669918417930603,0.022550435736775398,3.4661054611206055,1.0157426595687866,1.0366387367248535,0.9594820737838745,,,,,
18,278,3.6026365756988525,3.0249321460723877,0.6772286891937256,0.028299430385231972,3.6026365756988525,1.0157936811447144,1.0367488861083984,0.9593083262443542,,,,,
18,279,5.324220657348633,4.789394378662109,0.6914567947387695,0.027316777035593987,5.324220657348633,1.015843391418457,1.0368597507476807,0.9591348767280579,,,,,
18,280,1.8922539949417114,1.276532530784607,0.6610142588615417,0.028015244752168655,1.8922539949417114,1.0158945322036743,1.0369724035263062,0.9589616060256958,,,,,
18,281,2.574023962020874,1.956563115119934,0.6927440762519836,0.022200537845492363,2.574023962020874,1.0159417390823364,1.0370841026306152,0.9587885737419128,,,,,
18,282,1.9987235069274902,1.3732333183288574,0.6801940202713013,0.023862766101956367,1.9987235069274902,1.015986442565918,1.0371977090835571,0.9586155414581299,,,,,
18,283,1.7448711395263672,1.116922378540039,0.67531818151474,0.023160289973020554,1.7448711395263672,1.0160280466079712,1.0373117923736572,0.9584425687789917,,,,,
18,284,2.5735855102539062,2.0119998455047607,0.6414276361465454,0.017147958278656006,2.5735855102539062,1.0160664319992065,1.0374261140823364,0.9582697153091431,,,,,
18,284,,,,,,,,,4.493982315063477,0.2505917251110077,0.4821428656578064,1.9783728122711182,1.9783728122711182
19,285,3.2965190410614014,2.763566732406616,0.6384462118148804,0.015375062823295593,3.2965190410614014,1.0161032676696777,1.037537693977356,0.9580966830253601,,,,,
19,286,2.798849582672119,2.186967372894287,0.6968483924865723,0.021677225828170776,2.798849582672119,1.0161398649215698,1.0376466512680054,0.9579234719276428,,,,,
19,287,1.497349739074707,0.8956570625305176,0.6441488265991211,0.020099034532904625,1.497349739074707,1.0161752700805664,1.0377579927444458,0.9577503204345703,,,,,
19,288,1.9408586025238037,1.3426835536956787,0.650424063205719,0.02470150962471962,1.9408586025238037,1.0162078142166138,1.0378673076629639,0.9575772881507874,,,,,
19,289,1.4910110235214233,0.8787028193473816,0.6590967178344727,0.017015282064676285,1.4910110235214233,1.0162384510040283,1.0379750728607178,0.9574044346809387,,,,,
19,290,1.8607046604156494,1.2707009315490723,0.6450777053833008,0.020102854818105698,1.8607046604156494,1.0162665843963623,1.038082242012024,0.9572315216064453,,,,,
19,291,3.5871028900146484,3.030271053314209,0.659127950668335,0.029252659529447556,3.5871028900146484,1.0162930488586426,1.038187861442566,0.9570587277412415,,,,,
19,292,3.7441089153289795,3.159667491912842,0.6985868811607361,0.025090279057621956,3.7441089153289795,1.016320824623108,1.0382931232452393,0.956886351108551,,,,,
19,293,8.704784393310547,8.294761657714844,0.6858818531036377,0.026551172137260437,8.704784393310547,1.0163496732711792,1.0384012460708618,0.9567142128944397,,,,,
19,294,2.1519620418548584,1.5844916105270386,0.6131685376167297,0.03660359978675842,2.1519620418548584,1.0163875818252563,1.038511037826538,0.9565423727035522,,,,,
19,295,4.753426551818848,4.2839531898498535,0.6035083532333374,0.034536123275756836,4.753426551818848,1.016423225402832,1.0386162996292114,0.9563711881637573,,,,,
19,296,2.3588173389434814,1.7560678720474243,0.6801732182502747,0.017580552026629448,2.3588173389434814,1.0164612531661987,1.0387165546417236,0.9562005400657654,,,,,
19,297,4.053038120269775,3.5438590049743652,0.6360171437263489,0.022323068231344223,4.053038120269775,1.016497254371643,1.0388187170028687,0.9560297131538391,,,,,
19,298,3.7238590717315674,3.188500165939331,0.6566521525382996,0.01866571046411991,3.7238590717315674,1.016534447669983,1.0389190912246704,0.9558589458465576,,,,,
19,299,3.1187760829925537,2.580580234527588,0.638649046421051,0.018882576376199722,3.1187760829925537,1.0165719985961914,1.0390193462371826,0.9556881785392761,,,,,
19,299,,,,,,,,,4.300132751464844,0.3306126296520233,0.5,1.924389123916626,1.924389123916626
20,300,2.6588125228881836,2.1238794326782227,0.6276481747627258,0.011997309513390064,2.6588125228881836,1.0166089534759521,1.0391180515289307,0.9555173516273499,,,,,
20,301,2.408207416534424,1.86955726146698,0.6135860085487366,0.020008454099297523,2.408207416534424,1.016644835472107,1.0392144918441772,0.9553462266921997,,,,,
20,302,3.9322304725646973,3.4046688079833984,0.655735969543457,0.020115254446864128,3.9322304725646973,1.0166791677474976,1.039307713508606,0.9551752209663391,,,,,
20,303,2.414266586303711,1.8389925956726074,0.657791018486023,0.01568213663995266,2.414266586303711,1.0167145729064941,1.039401650428772,0.9550042748451233,,,,,
20,304,3.355813503265381,2.803572416305542,0.6687443256378174,0.014429097063839436,3.355813503265381,1.0167485475540161,1.0394961833953857,0.9548332691192627,,,,,
20,305,3.4945831298828125,2.976905584335327,0.6241379976272583,0.026029713451862335,3.4945831298828125,1.0167827606201172,1.0395923852920532,0.9546622037887573,,,,,
20,306,3.8988428115844727,3.367732048034668,0.6629931926727295,0.01751430705189705,3.8988428115844727,1.016817331314087,1.0396862030029297,0.9544914364814758,,,,,
20,307,4.13869047164917,3.662322759628296,0.6117890477180481,0.019961940124630928,4.13869047164917,1.0168529748916626,1.0397812128067017,0.9543207883834839,,,,,
20,308,2.298307418823242,1.7066205739974976,0.6564224362373352,0.0290844589471817,2.298307418823242,1.0168899297714233,1.0398730039596558,0.9541501998901367,,,,,
20,309,4.452878475189209,3.952397346496582,0.6371974349021912,0.029965544119477272,4.452878475189209,1.0169250965118408,1.0399655103683472,0.9539801478385925,,,,,
20,310,5.882151126861572,5.421447277069092,0.6584458351135254,0.02050400711596012,5.882151126861572,1.0169621706008911,1.0400573015213013,0.9538105130195618,,,,,
20,311,2.087360143661499,1.5239856243133545,0.630266547203064,0.02055395022034645,2.087360143661499,1.0170031785964966,1.0401500463485718,0.9536409974098206,,,,,
20,312,2.4026756286621094,1.8699289560317993,0.5990482568740845,0.029623128473758698,2.4026756286621094,1.0170416831970215,1.0402413606643677,0.9534715414047241,,,,,
20,313,3.3913912773132324,2.818817138671875,0.6780232191085815,0.028465358540415764,3.3913912773132324,1.0170785188674927,1.0403286218643188,0.9533025622367859,,,,,
20,314,2.058781385421753,1.4784626960754395,0.6467421054840088,0.02143559418618679,2.058781385421753,1.0171154737472534,1.0404189825057983,0.9531339406967163,,,,,
20,314,,,,,,,,,5.187597274780273,0.23454444110393524,0.4821428656578064,2.1678526401519775,2.1678526401519775
21,315,2.506783962249756,1.9324004650115967,0.6574051380157471,0.02111186273396015,2.506783962249756,1.0171501636505127,1.040509581565857,0.9529654383659363,,,,,
21,316,1.9047614336013794,1.369895577430725,0.6065898537635803,0.010982595384120941,1.9047614336013794,1.0171836614608765,1.0406012535095215,0.9527969360351562,,,,,
21,317,2.7414023876190186,2.117424488067627,0.7238484025001526,0.01657807268202305,2.7414023876190186,1.0172152519226074,1.040689468383789,0.9526281952857971,,,,,
21,318,3.3151118755340576,2.8352890014648438,0.589279055595398,0.02066505327820778,3.3151118755340576,1.0172462463378906,1.0407847166061401,0.9524593949317932,,,,,
21,319,2.2959554195404053,1.7310521602630615,0.6402921080589294,0.021680574864149094,2.2959554195404053,1.0172778367996216,1.040874719619751,0.9522907137870789,,,,,
21,320,3.1340363025665283,2.563836097717285,0.6732057332992554,0.02464805543422699,3.1340363025665283,1.017308235168457,1.0409643650054932,0.9521222114562988,,,,,
21,321,3.982889413833618,3.481276512145996,0.6480615139007568,0.01189474854618311,3.982889413833618,1.0173388719558716,1.041056513786316,0.9519540071487427,,,,,
21,322,2.4957334995269775,1.9188209772109985,0.6634344458580017,0.019674915820360184,2.4957334995269775,1.0173712968826294,1.0411487817764282,0.9517856240272522,,,,,
21,323,5.5508527755737305,5.100683212280273,0.6398299336433411,0.02259220741689205,5.5508527755737305,1.0174026489257812,1.0412423610687256,0.9516173005104065,,,,,
21,324,1.840598464012146,1.306705117225647,0.5986584424972534,0.016479207202792168,1.840598464012146,1.0174381732940674,1.0413353443145752,0.9514492154121399,,,,,
21,325,3.1296260356903076,2.6080734729766846,0.6280839443206787,0.021064072847366333,3.1296260356903076,1.0174715518951416,1.041424036026001,0.9512811303138733,,,,,
21,326,4.1303863525390625,3.5618886947631836,0.7110386490821838,0.024068832397460938,4.1303863525390625,1.0175049304962158,1.0415115356445312,0.951113224029541,,,,,
21,327,1.7173182964324951,1.1433712244033813,0.6314662098884583,0.020929837599396706,1.7173182964324951,1.0175398588180542,1.041604995727539,0.9509455561637878,,,,,
21,328,0.9143216013908386,0.36470943689346313,0.5654979944229126,0.029985658824443817,0.9143216013908386,1.0175724029541016,1.0416970252990723,0.9507781267166138,,,,,
21,329,2.8341007232666016,2.4095544815063477,0.5067475438117981,0.029401283711194992,2.8341007232666016,1.017601490020752,1.041782021522522,0.9506111145019531,,,,,
21,329,,,,,,,,,4.889963626861572,0.2749338448047638,0.5892857313156128,2.0991199016571045,2.0991199016571045
22,330,1.340265154838562,0.7479627132415771,0.6417932510375977,0.01723402924835682,1.340265154838562,1.0176308155059814,1.0418554544448853,0.9504445791244507,,,,,
22,331,2.6172633171081543,2.1100282669067383,0.5933396220207214,0.023207735270261765,2.6172633171081543,1.0176575183868408,1.0419303178787231,0.9502779245376587,,,,,
22,332,2.0138564109802246,1.482932686805725,0.5996648669242859,0.020058639347553253,2.0138564109802246,1.0176842212677002,1.0420023202896118,0.9501115083694458,,,,,
22,333,2.9060232639312744,2.401580572128296,0.6143996715545654,0.012718094512820244,2.9060232639312744,1.0177098512649536,1.0420721769332886,0.9499451518058777,,,,,
22,334,2.808363199234009,2.260118007659912,0.6546342372894287,0.01464916579425335,2.808363199234009,1.0177359580993652,1.0421414375305176,0.9497785568237305,,,,,
22,335,3.171844959259033,2.6617391109466553,0.6277897953987122,0.015318241901695728,3.171844959259033,1.0177624225616455,1.042213797569275,0.9496119022369385,,,,,
22,336,2.812337636947632,2.3213963508605957,0.5914251804351807,0.017848609015345573,2.812337636947632,1.0177897214889526,1.0422863960266113,0.9494452476501465,,,,,
22,337,3.253875494003296,2.8020458221435547,0.5695322751998901,0.016034996137022972,3.253875494003296,1.0178171396255493,1.0423561334609985,0.9492785930633545,,,,,
22,338,3.40820574760437,2.9327807426452637,0.5786522626876831,0.0340898334980011,3.40820574760437,1.0178457498550415,1.0424213409423828,0.9491119384765625,,,,,
22,339,3.6561057567596436,3.1938395500183105,0.5869330167770386,0.023834427818655968,3.6561057567596436,1.0178754329681396,1.0424833297729492,0.9489459991455078,,,,,
22,340,2.848048448562622,2.368403196334839,0.5755597352981567,0.023280996829271317,2.848048448562622,1.0179065465927124,1.0425430536270142,0.9487802982330322,,,,,
22,341,1.685528039932251,1.0960155725479126,0.6612914204597473,0.011427799239754677,1.685528039932251,1.0179375410079956,1.0425997972488403,0.9486148357391357,,,,,
22,342,2.6545491218566895,1.9613507986068726,0.8011325001716614,0.016415908932685852,2.6545491218566895,1.0179665088653564,1.0426613092422485,0.9484491348266602,,,,,
22,343,1.3790236711502075,0.8761566877365112,0.5392230153083801,0.027928868308663368,1.3790236711502075,1.017994999885559,1.0427396297454834,0.9482834339141846,,,,,
22,344,4.810837745666504,4.373930931091309,0.6195321083068848,0.012746613472700119,4.810837745666504,1.0180212259292603,1.0428097248077393,0.9481180906295776,,,,,
22,344,,,,,,,,,5.0760297775268555,0.22063936293125153,0.5,2.126434564590454,2.126434564590454
23,345,2.4302287101745605,1.886162519454956,0.6369166374206543,0.016460975632071495,2.4302287101745605,1.018051266670227,1.0428797006607056,0.9479526877403259,,,,,
23,346,1.6150380373001099,1.1287555694580078,0.5491719245910645,0.013294624164700508,1.6150380373001099,1.0180805921554565,1.0429511070251465,0.9477872252464294,,,,,
23,347,2.0182411670684814,1.5199501514434814,0.5734394788742065,0.01661239005625248,2.0182411670684814,1.0181081295013428,1.0430160760879517,0.9476216435432434,,,,,
23,348,1.7222099304199219,1.1468639373779297,0.6429304480552673,0.01682334579527378,1.7222099304199219,1.0181344747543335,1.0430771112442017,0.9474561810493469,,,,,
23,349,1.960440993309021,1.390071153640747,0.6446283459663391,0.018860680982470512,1.960440993309021,1.0181593894958496,1.0431411266326904,0.9472907185554504,,,,,
23,350,2.9751508235931396,2.5305590629577637,0.5394530296325684,0.029136063531041145,2.9751508235931396,1.0181832313537598,1.0432077646255493,0.9471254348754883,,,,,
23,351,1.1856313943862915,0.6255570650100708,0.6106215715408325,0.013737764209508896,1.1856313943862915,1.0182080268859863,1.0432673692703247,0.9469606280326843,,,,,
23,352,1.1611202955245972,0.6607649922370911,0.5265838503837585,0.030692510306835175,1.1611202955245972,1.0182305574417114,1.0433272123336792,0.9467957615852356,,,,,
23,353,1.2534725666046143,0.6643333435058594,0.6454820036888123,0.012644089758396149,1.2534725666046143,1.0182511806488037,1.043379545211792,0.9466314911842346,,,,,
23,354,2.2721352577209473,1.8036240339279175,0.5570497512817383,0.013804180547595024,2.2721352577209473,1.0182700157165527,1.04343581199646,0.9464670419692993,,,,,
23,355,3.1631722450256348,2.7835514545440674,0.49657300114631653,0.015371854417026043,3.1631722450256348,1.0182890892028809,1.0434876680374146,0.9463024735450745,,,,,
23,356,4.859280109405518,4.384460926055908,0.6559925079345703,0.020841510966420174,4.859280109405518,1.0183100700378418,1.0435301065444946,0.9461379051208496,,,,,
23,357,3.4079880714416504,2.914376735687256,0.6194137334823608,0.021091332659125328,3.4079880714416504,1.0183355808258057,1.0435783863067627,0.9459735751152039,,,,,
23,358,1.611350655555725,1.0759532451629639,0.5982260704040527,0.017363067716360092,1.611350655555725,1.0183625221252441,1.0436288118362427,0.9458094835281372,,,,,
23,359,1.240720272064209,0.7085981369018555,0.5837968587875366,0.014701452106237411,1.240720272064209,1.018387794494629,1.0436789989471436,0.9456453919410706,,,,,
23,359,,,,,,,,,5.118422508239746,0.1959063708782196,0.5,2.1432321071624756,2.1432321071624756
24,360,1.694557785987854,1.164369821548462,0.5936729311943054,0.01962660253047943,1.694557785987854,1.0184108018875122,1.043727993965149,0.9454813003540039,,,,,
24,361,1.2175259590148926,0.7444106340408325,0.5219885110855103,0.014137476682662964,1.2175259590148926,1.0184327363967896,1.043776512145996,0.9453173875808716,,,,,
24,362,1.4379075765609741,0.9165478944778442,0.5781731605529785,0.01684773527085781,1.4379075765609741,1.0184528827667236,1.0438182353973389,0.9451534152030945,,,,,
24,363,1.8009897470474243,1.378063678741455,0.49218347668647766,0.014395829290151596,1.8009897470474243,1.0184717178344727,1.0438587665557861,0.9449895024299622,,,,,
24,364,2.6051418781280518,2.21645188331604,0.4876505732536316,0.014648384414613247,2.6051418781280518,1.0184900760650635,1.0438905954360962,0.9448256492614746,,,,,
24,365,0.9658290147781372,0.455485999584198,0.5420132875442505,0.022298699244856834,0.9658290147781372,1.0185096263885498,1.0439140796661377,0.9446617364883423,,,,,
24,366,4.574365615844727,4.181338310241699,0.5664544105529785,0.01760091446340084,4.574365615844727,1.0185270309448242,1.0439348220825195,0.9444981813430786,,,,,
24,367,2.0608856678009033,1.564754605293274,0.5661072134971619,0.025900334119796753,2.0608856678009033,1.0185490846633911,1.043955683708191,0.9443346858024597,,,,,
24,368,1.227972388267517,0.7328386902809143,0.550197958946228,0.011411797255277634,1.227972388267517,1.0185706615447998,1.0439763069152832,0.9441716074943542,,,,,
24,369,1.6808515787124634,1.159454584121704,0.584004282951355,0.021083660423755646,1.6808515787124634,1.0185904502868652,1.0439954996109009,0.9440084099769592,,,,,
24,370,1.2545982599258423,0.6877955198287964,0.626350462436676,0.011878995224833488,1.2545982599258423,1.0186095237731934,1.0440163612365723,0.9438454508781433,,,,,
24,371,2.519401788711548,2.014782190322876,0.6060703992843628,0.016053322702646255,2.519401788711548,1.0186269283294678,1.044042706489563,0.9436823725700378,,,,,
24,372,4.456355094909668,3.9048891067504883,0.7377727627754211,0.011431929655373096,4.456355094909668,1.018645167350769,1.0440720319747925,0.9435193538665771,,,,,
24,373,2.548349380493164,2.1376092433929443,0.5091326236724854,0.01601395756006241,2.548349380493164,1.018667459487915,1.0441163778305054,0.9433562159538269,,,,,
24,374,1.0704123973846436,0.503566324710846,0.6158258318901062,0.015185567550361156,1.0704123973846436,1.0186903476715088,1.0441529750823975,0.9431931972503662,,,,,
24,374,,,,,,,,,5.318856239318848,0.19218666851520538,0.5178571343421936,2.1968650817871094,2.1968650817871094
25,375,1.3335893154144287,0.8251588344573975,0.5668043494224548,0.013780946843326092,1.3335893154144287,1.018710970878601,1.0441925525665283,0.9430301785469055,,,,,
25,376,1.3050583600997925,0.8057096600532532,0.5461921095848083,0.02204201929271221,1.3050583600997925,1.0187300443649292,1.0442302227020264,0.9428672194480896,,,,,
25,377,0.9583052396774292,0.5083439350128174,0.47945836186408997,0.023053808137774467,0.9583052396774292,1.0187478065490723,1.044264316558838,0.9427046179771423,,,,,
25,378,0.8915747404098511,0.4368479549884796,0.4921417236328125,0.014779196120798588,0.8915747404098511,1.018763780593872,1.0442888736724854,0.942542314529419,,,,,
25,379,1.208446741104126,0.7288622856140137,0.5217846035957336,0.02233216166496277,1.208446741104126,1.0187779664993286,1.0443060398101807,0.9423800110816956,,,,,
25,380,3.083449363708496,2.6846909523010254,0.5194644927978516,0.01607600785791874,3.083449363708496,1.0187911987304688,1.0443192720413208,0.942218005657196,,,,,
25,381,1.7460047006607056,1.2495499849319458,0.5747559666633606,0.011401728726923466,1.7460047006607056,1.0188068151474,1.0443288087844849,0.9420560598373413,,,,,
25,382,1.2866768836975098,0.8614263534545898,0.4663204550743103,0.023999538272619247,1.2866768836975098,1.018822193145752,1.0443401336669922,0.941893994808197,,,,,
25,383,3.184525489807129,2.6897225379943848,0.6321954727172852,0.010355835780501366,3.184525489807129,1.0188367366790771,1.0443429946899414,0.9417323470115662,,,,,
25,384,1.2210032939910889,0.721088707447052,0.5395445823669434,0.026415450498461723,1.2210032939910889,1.0188535451889038,1.044353723526001,0.9415704607963562,,,,,
25,385,1.8826402425765991,1.424980640411377,0.5377861261367798,0.013435989618301392,1.8826402425765991,1.018869161605835,1.0443627834320068,0.9414090514183044,,,,,
25,386,1.5679506063461304,1.0772666931152344,0.5586348176002502,0.014616317115724087,1.5679506063461304,1.0188847780227661,1.0443702936172485,0.9412476420402527,,,,,
25,387,1.9876312017440796,1.4620009660720825,0.6194713115692139,0.008853540755808353,1.9876312017440796,1.0188997983932495,1.0443782806396484,0.9410861730575562,,,,,
25,388,1.5812374353408813,1.129747986793518,0.5244765877723694,0.009673028253018856,1.5812374353408813,1.018915057182312,1.0443925857543945,0.9409245252609253,,,,,
25,389,2.0331475734710693,1.5805840492248535,0.5415963530540466,0.01158448401838541,2.0331475734710693,1.0189298391342163,1.0444034337997437,0.9407627582550049,,,,,
25,389,,,,,,,,,5.238658905029297,0.21392661333084106,0.5178571343421936,2.1731956005096436,2.1731956005096436
26,390,1.8003990650177002,1.3549151420593262,0.5205367207527161,0.015222128480672836,1.8003990650177002,1.0189450979232788,1.0444128513336182,0.9406009912490845,,,,,
26,391,1.1502504348754883,0.6591686010360718,0.544203519821167,0.013766919262707233,1.1502504348754883,1.0189526081085205,1.044415831565857,0.9405201077461243,,,,,
26,392,1.1426820755004883,0.6348462104797363,0.5595330595970154,0.01543761882930994,1.1426820755004883,1.018959641456604,1.0444185733795166,0.9404392838478088,,,,,
26,393,1.0438395738601685,0.6112221479415894,0.4859797954559326,0.007854405790567398,1.0438395738601685,1.0189660787582397,1.044421672821045,0.9403585195541382,,,,,
26,394,1.222316026687622,0.7121094465255737,0.5638434290885925,0.016708979383111,1.222316026687622,1.0189719200134277,1.044421672821045,0.940277636051178,,,,,
26,395,2.9058940410614014,2.428252696990967,0.6074945330619812,0.008602738380432129,2.9058940410614014,1.0189772844314575,1.0444225072860718,0.9401968717575073,,,,,
26,396,1.238267183303833,0.8555172085762024,0.43595877289772034,0.012505165301263332,1.238267183303833,1.0189839601516724,1.0444262027740479,0.9401159882545471,,,,,
26,397,1.5052387714385986,1.1034855842590332,0.4694720506668091,0.010317756794393063,1.5052387714385986,1.018990159034729,1.0444244146347046,0.9400351643562317,,,,,
26,398,3.6536898612976074,3.179713487625122,0.6275581121444702,0.013921201229095459,3.6536898612976074,1.0189963579177856,1.0444190502166748,0.9399543404579163,,,,,
26,399,1.828373908996582,1.4160535335540771,0.49680954217910767,0.007879366166889668,1.828373908996582,1.019004225730896,1.044418215751648,0.9398735761642456,,,,,
26,400,0.8871909379959106,0.4468103349208832,0.47986143827438354,0.01482660323381424,0.8871909379959106,1.019012212753296,1.04441499710083,0.9397926926612854,,,,,
26,401,1.3348486423492432,0.8329505920410156,0.543510913848877,0.030304988846182823,1.3348486423492432,1.019019365310669,1.0444090366363525,0.9397119283676147,,,,,
26,402,0.8534470200538635,0.40191277861595154,0.4843468964099884,0.01972297951579094,0.8534470200538635,1.0190260410308838,1.0444036722183228,0.9396315217018127,,,,,
26,403,2.1561923027038574,1.7171220779418945,0.5166234374046326,0.02563278004527092,2.1561923027038574,1.0190318822860718,1.0443956851959229,0.9395512342453003,,,,,
26,404,1.7346763610839844,1.3724006414413452,0.4280237853527069,0.01836787909269333,1.7346763610839844,1.0190383195877075,1.0443872213363647,0.9394711852073669,,,,,
26,404,,,,,,,,,6.082605838775635,0.14149832725524902,0.5357142686843872,2.365171194076538,2.365171194076538
27,405,1.5779039859771729,1.1171307563781738,0.5180944800376892,0.02415751852095127,1.5779039859771729,1.0190448760986328,1.044373869895935,0.9393912553787231,,,,,
27,406,1.212111473083496,0.7245112657546997,0.546393871307373,0.012180880643427372,1.212111473083496,1.0190513134002686,1.0443605184555054,0.9393114447593689,,,,,
27,407,3.0204546451568604,2.679546594619751,0.46527376770973206,0.012364409863948822,3.0204546451568604,1.0190573930740356,1.0443485975265503,0.9392315745353699,,,,,
27,408,1.0300809144973755,0.5428878664970398,0.5428666472434998,0.00888698361814022,1.0300809144973755,1.0190647840499878,1.0443339347839355,0.9391517043113708,,,,,
27,409,1.5421507358551025,1.0543184280395508,0.566478431224823,0.0071550337597727776,1.5421507358551025,1.019071340560913,1.0443205833435059,0.9390717148780823,,,,,
27,410,1.0444707870483398,0.5488499999046326,0.5499584674835205,0.010927139781415462,1.0444707870483398,1.0190778970718384,1.0443094968795776,0.9389916658401489,,,,,
27,411,0.940754234790802,0.585272490978241,0.38475409150123596,0.022194525226950645,0.940754234790802,1.0190837383270264,1.044299840927124,0.9389115571975708,,,,,
27,412,1.2309828996658325,0.7813262343406677,0.511103630065918,0.009569487534463406,1.2309828996658325,1.0190891027450562,1.0442832708358765,0.938831627368927,,,,,
27,413,1.2820813655853271,0.8172664642333984,0.527441143989563,0.010977216996252537,1.2820813655853271,1.0190942287445068,1.044266700744629,0.9387515783309937,,,,,
27,414,0.8304221630096436,0.3598259389400482,0.5170602202415466,0.00956937950104475,0.8304221630096436,1.0190989971160889,1.0442508459091187,0.9386715888977051,,,,,
27,415,0.9355705976486206,0.502679705619812,0.47487083077430725,0.015184450894594193,0.9355705976486206,1.0191032886505127,1.044235110282898,0.9385915398597717,,,,,
27,416,1.7870922088623047,1.36020827293396,0.4990709125995636,0.018476096913218498,1.7870922088623047,1.0191071033477783,1.044217586517334,0.9385115504264832,,,,,
27,417,2.853105068206787,2.4291281700134277,0.5529997944831848,0.00741283455863595,2.853105068206787,1.0191112756729126,1.0441994667053223,0.9384316802024841,,,,,
27,418,1.3012363910675049,0.8300832509994507,0.5345524549484253,0.011614019051194191,1.3012363910675049,1.019116759300232,1.044183611869812,0.9383516907691956,,,,,
27,419,1.4424896240234375,1.093375325202942,0.40675413608551025,0.01606006734073162,1.4424896240234375,1.0191220045089722,1.0441687107086182,0.9382717609405518,,,,,
27,419,,,,,,,,,5.562727928161621,0.18652211129665375,0.5357142686843872,2.2521181106567383,2.2521181106567383
28,420,1.0379574298858643,0.613458514213562,0.4724087715148926,0.013781990855932236,1.0379574298858643,1.019127368927002,1.0441484451293945,0.9381918907165527,,,,,
28,421,1.1269969940185547,0.6706655025482178,0.5009430050849915,0.020710598677396774,1.1269969940185547,1.019132137298584,1.0441266298294067,0.9381120800971985,,,,,
28,422,1.1418261528015137,0.7560440301895142,0.430841326713562,0.018084250390529633,1.1418261528015137,1.019136667251587,1.044104814529419,0.9380323886871338,,,,,
28,423,1.0642993450164795,0.6610063910484314,0.4477238953113556,0.016831113025546074,1.0642993450164795,1.0191409587860107,1.0440794229507446,0.9379528760910034,,,,,
28,424,1.9653384685516357,1.546658992767334,0.505050539970398,0.013176023960113525,1.9653384685516357,1.0191450119018555,1.0440517663955688,0.937873363494873,,,,,
28,425,1.4285210371017456,0.9379263520240784,0.5590519905090332,0.013003917410969734,1.4285210371017456,1.0191495418548584,1.04402494430542,0.9377939105033875,,,,,
28,426,0.9644238352775574,0.5024840831756592,0.5166991949081421,0.007793491240590811,0.9644238352775574,1.0191540718078613,1.0440013408660889,0.9377144575119019,,,,,
28,427,1.150668740272522,0.7526487112045288,0.44060465693473816,0.021244458854198456,1.150668740272522,1.0191580057144165,1.0439786911010742,0.9376348853111267,,,,,
28,428,0.740900456905365,0.31669101119041443,0.460700660943985,0.013858702033758163,0.740900456905365,1.0191619396209717,1.0439531803131104,0.9375555515289307,,,,,
28,429,3.00840163230896,2.5930566787719727,0.5456275939941406,0.012187427841126919,3.00840163230896,1.0191651582717896,1.0439258813858032,0.9374761581420898,,,,,
28,430,0.6621126532554626,0.19509553909301758,0.509426474571228,0.008350178599357605,0.6621126532554626,1.0191701650619507,1.0439014434814453,0.9373968243598938,,,,,
28,431,0.9828794598579407,0.500762939453125,0.5377197861671448,0.00888609979301691,0.9828794598579407,1.0191742181777954,1.0438774824142456,0.9373173713684082,,,,,
28,432,2.33166766166687,1.9386413097381592,0.49608057737350464,0.011355229653418064,2.33166766166687,1.0191779136657715,1.0438556671142578,0.9372379183769226,,,,,
28,433,1.3414723873138428,0.9827627539634705,0.4178788363933563,0.013031602837145329,1.3414723873138428,1.019182562828064,1.0438334941864014,0.9371584057807922,,,,,
28,434,1.7825106382369995,1.3161207437515259,0.5513361692428589,0.011025466024875641,1.7825106382369995,1.0191872119903564,1.0438071489334106,0.9370790123939514,,,,,
28,434,,,,,,,,,5.702752590179443,0.18362843990325928,0.5357142686843872,2.2832164764404297,2.2832164764404297
29,435,1.7126421928405762,1.1821157932281494,0.6120171546936035,0.01412465050816536,1.7126421928405762,1.019192099571228,1.0437837839126587,0.9369995594024658,,,,,
29,436,1.9471702575683594,1.630262017250061,0.3962186574935913,0.015241277404129505,1.9471702575683594,1.0191972255706787,1.0437661409378052,0.936920166015625,,,,,
29,437,0.9655301570892334,0.6058459877967834,0.3998129069805145,0.016415325924754143,0.9655301570892334,1.0192028284072876,1.0437426567077637,0.9368408918380737,,,,,
29,438,0.6675233244895935,0.16792979836463928,0.5375208258628845,0.013988468796014786,0.6675233244895935,1.0192079544067383,1.0437144041061401,0.9367616772651672,,,,,
29,439,1.6622415781021118,1.2569427490234375,0.4858175814151764,0.008653249591588974,1.6622415781021118,1.019212245941162,1.043688416481018,0.9366825222969055,,,,,
29,440,2.6215953826904297,2.2175679206848145,0.5233171582221985,0.008895151317119598,2.6215953826904297,1.0192168951034546,1.0436620712280273,0.936603307723999,,,,,
29,441,2.896456480026245,2.5350394248962402,0.48811694979667664,0.010361959226429462,2.896456480026245,1.019222617149353,1.0436372756958008,0.9365240931510925,,,,,
29,442,0.7644075751304626,0.41801682114601135,0.3871985375881195,0.009148074313998222,0.7644075751304626,1.019229769706726,1.0436121225357056,0.9364448189735413,,,,,
29,443,0.9174671173095703,0.34033697843551636,0.6351447701454163,0.009372279047966003,0.9174671173095703,1.0192360877990723,1.043581485748291,0.93636554479599,,,,,
29,444,0.6512321829795837,0.3548904061317444,0.3195539712905884,0.017812661826610565,0.6512321829795837,1.0192415714263916,1.0435584783554077,0.9362862706184387,,,,,
29,445,1.156674861907959,0.8147391080856323,0.39322587847709656,0.013635966926813126,1.156674861907959,1.0192463397979736,1.0435264110565186,0.936207115650177,,,,,
29,446,2.2654659748077393,1.7924039363861084,0.5726701617240906,0.01626880094408989,2.2654659748077393,1.0192509889602661,1.043489933013916,0.9361280798912048,,,,,
29,447,1.0508170127868652,0.64643394947052,0.4576369524002075,0.011162882670760155,1.0508170127868652,1.019256353378296,1.0434584617614746,0.9360491037368774,,,,,
29,448,0.8206199407577515,0.3638820946216583,0.49774956703186035,0.015562266111373901,0.8206199407577515,1.019261360168457,1.0434256792068481,0.93597012758255,,,,,
29,449,1.6207764148712158,1.2344313859939575,0.4575292468070984,0.014890249818563461,1.6207764148712158,1.0192656517028809,1.043393850326538,0.9358912110328674,,,,,
29,449,,,,,,,,,5.917233467102051,0.17688670754432678,0.5357142686843872,2.333214282989502,2.333214282989502
